{
    "comment":["Templete for providing camera information.",
               "The path of this file should be included in the 'config.json' file under 'path_cameras'",
               "K-matrix should be a 3*3 matrix",
               "distCoeff should be a vector of [k1,k2,p1,p2[,k3]]"],

    "K-matrix":[[874.4721846047786, 0.0, 970.2688358898922], [0.0, 894.1080937815644, 531.2757796052425], [0.0, 0.0, 1.0]],

    "distCoeff":[-0.260720634999793, 0.07494782427852716, -0.00013631462898833923, 0.00017484761775924765, -0.00906247784302948],
           
    "fps":59.940060,

    "resolution":[1920,1080]

}