{
    "comment":["Templete for providing camera information.",
               "The path of this file should be included in the 'config.json' file under 'path_cameras'",
               "K-matrix should be a 3*3 matrix",
               "distCoeff should be a vector of [k1,k2,p1,p2[,k3]]"],

    "K-matrix":[[1887.1881892399153, 0.0, 960.2373942189705],
                [0.0, 1881.5519275579509, 540.3172320341229],
                [0.0, 0.0, 1.0]],

    "distCoeff":[0.11045829453367671, -0.403195879127872, 0, 0],
           
    "fps":29.838692,

    "resolution":[1920,1080]

}
