{
    "comment":["Templete for providing camera information.",
               "The path of this file should be included in the 'config.json' file under 'path_cameras'",
               "K-matrix should be a 3*3 matrix",
               "distCoeff should be a vector of [k1,k2,p1,p2[,k3]]"],

    "K-matrix":[[1918.685, 0.0, 965.581],
                [0.0, 1914.767898726004, 550.550],
                [0.0, 0.0, 1.0]],

    "distCoeff":[0.029412094519, -0.059510767134,  0.001856271031,  0.002269135198,
   0.276425764319],
           
    "fps":29.838692,

    "resolution":[1920,1080]

}
