{
    "comment":["Templete for providing camera information.",
               "The path of this file should be included in the 'config.json' file under 'path_cameras'",
               "K-matrix should be a 3*3 matrix",
               "distCoeff should be a vector of [k1,k2,p1,p2[,k3]]"],

    "K-matrix":[[1569.2133510353567, 0.0, 956.6414016207103], [0.0, 1572.0082312735778, 533.1129574904855], [0.0, 0.0, 1.0]],

    "distCoeff":[0.1888803002995303, -0.6268259695581048, -0.0014010104725158184, 0.0003932341772251142, 0.6061741343069857],
           
    "fps":30.020690,

    "resolution":[1920,1080]

}