{
    "comment":["Templete for providing camera information.",
               "The path of this file should be included in the 'config.json' file under 'path_cameras'",
               "K-matrix should be a 3*3 matrix",
               "distCoeff should be a vector of [k1,k2,p1,p2[,k3]]"],

    "K-matrix":[[1545.425401191011, 0.0, 971.158336917263], 
		[0.0, 1545.96703364831, 535.682080735544], 
		[0.0, 0.0, 1.0]],

    "distCoeff":[-0.011232359677,  0.045931232417,  0.000263868094, -0.001253638454, -0.151703077572],

    "fps":29.970030,

    "resolution":[1920,1080]

}
