{
    "comment":["Templete for providing camera information.",
               "The path of this file should be included in the 'config.json' file under 'path_cameras'",
               "K-matrix should be a 3*3 matrix",
               "distCoeff should be a vector of [k1,k2,p1,p2[,k3]]"],

    "K-matrix":[[1578.69696, 0.0, 934.913658], [0.0, 1580.83361, 530.715208], [0.0, 0.0, 1.0]],

    "distCoeff":[-0.100465029816,  0.120116061334, -0.000021122211, -0.000529483424, -0.030667978139],
           
    "fps":25,

    "resolution":[1920,1080]

}
