{
    "comment":["Templete for providing camera information.",
               "The path of this file should be included in the 'config.json' file under 'path_cameras'",
               "K-matrix should be a 3*3 matrix",
               "distCoeff should be a vector of [k1,k2,p1,p2[,k3]]"],

    "K-matrix":[[1945.328496068825, 0.0, 948.176439545941],
                [0.0, 1941.830634580803, 544.789529245064],
                [0.0, 0.0, 1.0]],

    "distCoeff":[0.03746860545,   0.229379500547,  0.000791859844, -0.000579706924,
  -0.788715648076],
           
    "fps":29.97003,

    "resolution":[1920,1080]

}
