{
    "comment":["Templete for providing camera information.",
               "The path of this file should be included in the 'config.json' file under 'path_cameras'",
               "K-matrix should be a 3*3 matrix",
               "distCoeff should be a vector of [k1,k2,p1,p2[,k3]]"],

    "K-matrix":[[1462.25070, 0.0, 964.323701], 
		[0.0, 1459.38619, 521.746261], 
		[0.0, 0.0, 1.0]],

    "distCoeff":[-0.01138245,  0.05761171, -0.00404655,  0.00129544, -0.08078567],

    "fps":50,

    "resolution":[1920,1080]
}
